Feature ID	Taxon
DAKO01000048_102198-102607_Methanoculleus_sp._UBA326_contig_82_mcrA-2_FullLength	d__Archaea; p__Halobacteriota; c__Methanomicrobia; o__Methanomicrobiales; f__Methanoculleaceae; g__Methanoculleus; s__Methanoculleus bourgensis
HE964772_Methanoculleus_bourgensis_MS2T_1547133..1547542_sewage_sludge_digester_FullLength	d__Archaea; p__Halobacteriota; c__Methanomicrobia; o__Methanomicrobiales; f__Methanoculleaceae; g__Methanoculleus; s__Methanoculleus bourgensis
LT549891_M.culleus_bourgensis_BA1_chr_I_560129-560538_1b_biogas_plant_mcrA-2_FullLength	d__Archaea; p__Halobacteriota; c__Methanomicrobia; o__Methanomicrobiales; f__Methanoculleaceae; g__Methanoculleus; s__Methanoculleus bourgensis
DAQR01000044_Methanoculleus_sp._UBA413_contig_3437_mud_FullLength	d__Archaea; p__Halobacteriota; c__Methanomicrobia; o__Methanomicrobiales; f__Methanoculleaceae; g__Methanoculleus; s__Methanoculleus bourgensis
LT158599_Methanoculleus_sp._MAB1_chrI_1549677-1549268_mcrA-2_FullLength	d__Archaea; p__Halobacteriota; c__Methanomicrobia; o__Methanomicrobiales; f__Methanoculleaceae; g__Methanoculleus; s__Methanoculleus bourgensis
HE964772_Methanoculleus_bourgensis_MS2T_1767058..1767467_FullLength	d__Archaea; p__Halobacteriota; c__Methanomicrobia; o__Methanomicrobiales; f__Methanoculleaceae; g__Methanoculleus; s__Methanoculleus bourgensis
DAKO01000135_55983-56392_Methanoculleus_sp._UBA326_contig_855_mcrA-1_FullLength	d__Archaea; p__Halobacteriota; c__Methanomicrobia; o__Methanomicrobiales; f__Methanoculleaceae; g__Methanoculleus; s__Methanoculleus bourgensis
JABMJF010000025_Methanoculleus_sp_MAG28_NODE_1387_length_19376_cov_236.941_propionate_fed_chemostat_FullLength	d__Archaea; p__Halobacteriota; c__Methanomicrobia; o__Methanomicrobiales; f__Methanoculleaceae; g__Methanoculleus; s__Methanoculleus bourgensis
JABMJE010000007_Methanoculleus_bourgensis_MAG54_NODE_859_length_28472_cov_337.668_propionate_fed_chemostat_FullLength	d__Archaea; p__Halobacteriota; c__Methanomicrobia; o__Methanomicrobiales; f__Methanoculleaceae; g__Methanoculleus; s__Methanoculleus bourgensis
LT549891_Methanoculleus_bourgensis_BA1_chr._I_2045189-2045598_biogas_plant_mcrA-1_FullLength	d__Archaea; p__Halobacteriota; c__Methanomicrobia; o__Methanomicrobiales; f__Methanoculleaceae; g__Methanoculleus; s__Methanoculleus bourgensis
LT158599_Methanoculleus_sp._MAB1_chrI_1775868-1776277_mcrA-1_FullLength	d__Archaea; p__Halobacteriota; c__Methanomicrobia; o__Methanomicrobiales; f__Methanoculleaceae; g__Methanoculleus; s__Methanoculleus bourgensis
PGYL01000021_HGW-Methanomicrobiales-2_yuki_s1_sub10_scaffold_73_groundwater_mcrA-2_FullLength	d__Archaea; p__Halobacteriota; c__Methanomicrobia; o__Methanomicrobiales; f__Methanoculleaceae; g__Methanoculleus; s__Methanoculleus marisnigri
NZ_JABFFQ010000001_Methanoculleus_nereidis_YWC-01_YWC-01-scaffold01_508812-509221_cold_seep_mcrA-1_FullLength	d__Archaea; p__Halobacteriota; c__Methanomicrobia; o__Methanomicrobiales; f__Methanoculleaceae; g__Methanoculleus; s__Methanoculleus nereidis
CP000562_Methanoculleus_marisnigri_JR1_358556..358965_mcrA-1_FullLength	d__Archaea; p__Halobacteriota; c__Methanomicrobia; o__Methanomicrobiales; f__Methanoculleaceae; g__Methanoculleus; s__Methanoculleus marisnigri
NZ_CP109831_Methanoculleus_submarinus_DSM_15122_chromosome_1677181-1677590_mcrA-1_FullLength	d__Archaea; p__Halobacteriota; c__Methanomicrobia; o__Methanomicrobiales; f__Methanoculleaceae; g__Methanoculleus; s__Methanoculleus submarinus
NZ_QFDM01000001_Methanoculleus_oceani_CWC-02_CWC02_contig_1_657632_658041_marine_sediment_mcrA-1_FullLength	d__Archaea; p__Halobacteriota; c__Methanomicrobia; o__Methanomicrobiales; f__Methanoculleaceae; g__Methanoculleus; s__Methanoculleus oceani
BCNY01000015_Methanoculleus_horonobensis_contig_MCUHO_1_mcrA-1_FullLength	d__Archaea; p__Halobacteriota; c__Methanomicrobia; o__Methanomicrobiales; f__Methanoculleaceae; g__Methanoculleus; s__Methanoculleus horonobensis
FMID01000031_Methanoculleus_chikugoensis_L21-II-0_contig31_biogas_sludge_mcrA-1_FullLength	d__Archaea; p__Halobacteriota; c__Methanomicrobia; o__Methanomicrobiales; f__Methanoculleaceae; g__Methanoculleus; s__Methanoculleus chikugoensis
CP137641_1097220-1097629_Methanoculleus_palmolei_DSM_4273_mcrA-1_FullLength	d__Archaea; p__Halobacteriota; c__Methanomicrobia; o__Methanomicrobiales; f__Methanoculleaceae; g__Methanoculleus; s__Methanoculleus palmolei
DANC01000044_Methanoculleus_sp._UBA291_contig_408_fermentation_mud_FullLength	d__Archaea; p__Halobacteriota; c__Methanomicrobia; o__Methanomicrobiales; f__Methanoculleaceae; g__Methanoculleus; s__Methanoculleus palmolei
CP137641_1437550-1437959_Methanoculleus_palmolei_DSM_4273_mcrA-2_FullLength	d__Archaea; p__Halobacteriota; c__Methanomicrobia; o__Methanomicrobiales; f__Methanoculleaceae; g__Methanoculleus; s__Methanoculleus palmolei
DAIY01000041_Methanoculleus_sp._UBA416_contig_483_fermentation_mud_FullLength	d__Archaea; p__Halobacteriota; c__Methanomicrobia; o__Methanomicrobiales; f__Methanoculleaceae; g__Methanoculleus; s__Methanoculleus palmolei
DAFT01000057_Methanoculleus_sp._UBA307_contig_4323_fermentation_mud_FullLength	d__Archaea; p__Halobacteriota; c__Methanomicrobia; o__Methanomicrobiales; f__Methanoculleaceae; g__Methanoculleus; s__Methanoculleus palmolei
DAPF01000109_Methanoculleus_sp._UBA320_contig_3745_fermentation_FullLength	d__Archaea; p__Halobacteriota; c__Methanomicrobia; o__Methanomicrobiales; f__Methanoculleaceae; g__Methanoculleus; s__Methanoculleus palmolei
NZ_WBKO01000001_Methanoculleus_caldifontis_Wushi-C6_scaffold-1_931836_932245_hot_spring_mcrA-1_FullLength	d__Archaea; p__Halobacteriota; c__Methanomicrobia; o__Methanomicrobiales; f__Methanoculleaceae; g__Methanoculleus; s__Methanoculleus caldifontis
DARX01000117_2630-3039_Methanoculleus_marisnigri_isolate_UBA535_contig_4921_mcrA-2_FullLength	d__Archaea; p__Halobacteriota; c__Methanomicrobia; o__Methanomicrobiales; f__Methanoculleaceae; g__Methanoculleus; s__Methanoculleus marisnigri
NZ_VCYH01000006_Methanoculleus_frigidifontis_FWC-SCC1_FWC-SCC1-contig06_marine_seep_mcrA-2_FullLength	d__Archaea; p__Halobacteriota; c__Methanomicrobia; o__Methanomicrobiales; f__Methanoculleaceae; g__Methanoculleus; s__Methanoculleus frigidifontis
FNFT01000019_Methanoculleus_thermophilus_DSM_2373_contig_Ga0074815_119_mcrA-2_FullLength	d__Archaea; p__Halobacteriota; c__Methanomicrobia; o__Methanomicrobiales; f__Methanoculleaceae; g__Methanoculleus; s__Methanoculleus thermophilus
BCNX01000007_Methanoculleus_thermophilus_CR-1_MCUTH_3_mcrA-2_FullLength	d__Archaea; p__Halobacteriota; c__Methanomicrobia; o__Methanomicrobiales; f__Methanoculleaceae; g__Methanoculleus; s__Methanoculleus thermophilus
BCNX01000007_Methanoculleus_thermophilus_CR-1_MCUTH_3_mcrA-1_FullLength	d__Archaea; p__Halobacteriota; c__Methanomicrobia; o__Methanomicrobiales; f__Methanoculleaceae; g__Methanoculleus; s__Methanoculleus thermophilus
FNFT01000004_Methanoculleus_thermophilus_DSM_2373_contig_Ga0074815_104_mcrA-1_FullLength	d__Archaea; p__Halobacteriota; c__Methanomicrobia; o__Methanomicrobiales; f__Methanoculleaceae; g__Methanoculleus; s__Methanoculleus thermophilus
NZ_VCYI01000024_Methanoculleus_methanifontis_FWC-SCC3_FWC-SCC3_CONTIG24_marine_seep_mcrA-2_FullLength	d__Archaea; p__Halobacteriota; c__Methanomicrobia; o__Methanomicrobiales; f__Methanoculleaceae; g__Methanoculleus; s__Methanoculleus methanifontis
FMID01000057_Methanoculleus_chikugoensis_L21-II-0_contig57_biogas_sludge_mcrA-2_FullLength	d__Archaea; p__Halobacteriota; c__Methanomicrobia; o__Methanomicrobiales; f__Methanoculleaceae; g__Methanoculleus; s__Methanoculleus chikugoensis
CP000562_Methanoculleus_marisnigri_JR1_583266..583675_mcrA-2_FullLength	d__Archaea; p__Halobacteriota; c__Methanomicrobia; o__Methanomicrobiales; f__Methanoculleaceae; g__Methanoculleus; s__Methanoculleus marisnigri
NZ_CP109831_Methanoculleus_submarinus_DSM_15122_chromosome_1901892-1902301_mcrA-2_FullLength	d__Archaea; p__Halobacteriota; c__Methanomicrobia; o__Methanomicrobiales; f__Methanoculleaceae; g__Methanoculleus; s__Methanoculleus submarinus
JXOJ01000001_Methanoculleus_sediminis_S3Fa_409199-408770_deep_sea_sediment_mcrA-2_FullLength	d__Archaea; p__Halobacteriota; c__Methanomicrobia; o__Methanomicrobiales; f__Methanoculleaceae; g__Methanoculleus; s__Methanoculleus sediminis
BCNY01000014_Methanoculleus_horonobensis_contig_MCUHO_2_mcrA-2_FullLength	d__Archaea; p__Halobacteriota; c__Methanomicrobia; o__Methanomicrobiales; f__Methanoculleaceae; g__Methanoculleus; s__Methanoculleus horonobensis
NZ_WBKO01000001_Methanoculleus_caldifontis_Wushi-C6_scaffold-1_1193526_1193935_hot_spring_mcrA-2_FullLength	d__Archaea; p__Halobacteriota; c__Methanomicrobia; o__Methanomicrobiales; f__Methanoculleaceae; g__Methanoculleus; s__Methanoculleus caldifontis
NZ_VHLL01000001_Methanoculleus_formosensis_Afa-1_contig-01_582765_583175_river_mcrA-2_FullLength	d__Archaea; p__Halobacteriota; c__Methanomicrobia; o__Methanomicrobiales; f__Methanoculleaceae; g__Methanoculleus; s__Methanoculleus formosensis
NZ_QFDM01000001_Methanoculleus_oceani_CWC-02_CWC02_contig_1_893754-894163_marine_sediment_mcrA-2_FullLength	d__Archaea; p__Halobacteriota; c__Methanomicrobia; o__Methanomicrobiales; f__Methanoculleaceae; g__Methanoculleus; s__Methanoculleus oceani
NZ_JABFFQ010000001_Methanoculleus_nereidis_YWC-01_YWC-01-scaffold01_781602-782011_cold_seep_mcrA-2_FullLength	d__Archaea; p__Halobacteriota; c__Methanomicrobia; o__Methanomicrobiales; f__Methanoculleaceae; g__Methanoculleus; s__Methanoculleus nereidis
JBFWKR010000171_MAG_Methanoculleus_sp._CA_2019_NHSR_47_NODE_59126_length_3526_cov_5.795822_NHSR_landfill_FullLength	d__Archaea; p__Halobacteriota; c__Methanomicrobia; o__Methanomicrobiales; f__Methanoculleaceae; g__Methanoculleus; s__Methanoculleus receptaculi
CP137642_Methanoculleus_receptaculi_DSM_18860_494383-494792_oil_field_mcrA-1_FullLength	d__Archaea; p__Halobacteriota; c__Methanomicrobia; o__Methanomicrobiales; f__Methanoculleaceae; g__Methanoculleus; s__Methanoculleus receptaculi
CP137642_Methanoculleus_receptaculi_DSM_18860_562476-562885_oil_field_mcrA-2_FullLength	d__Archaea; p__Halobacteriota; c__Methanomicrobia; o__Methanomicrobiales; f__Methanoculleaceae; g__Methanoculleus; s__Methanoculleus receptaculi
NZ_VCYI01000003_Methanoculleus_methanifontis_FWC-SCC3_FWC-SCC3_CONTIG3_marine_seep_mcrA-1_FullLength	d__Archaea; p__Halobacteriota; c__Methanomicrobia; o__Methanomicrobiales; f__Methanoculleaceae; g__Methanoculleus; s__Methanoculleus methanifontis
JXOJ01000001_Methanoculleus_sediminis_S3Fa_173830-174239_deep_sea_sediment_mcrA-1_FullLength	d__Archaea; p__Halobacteriota; c__Methanomicrobia; o__Methanomicrobiales; f__Methanoculleaceae; g__Methanoculleus; s__Methanoculleus sediminis
NZ_VHLL01000001_Methanoculleus_formosensis_Afa-1_contig-01_338497-338906_river_mcrA-1_FullLength	d__Archaea; p__Halobacteriota; c__Methanomicrobia; o__Methanomicrobiales; f__Methanoculleaceae; g__Methanoculleus; s__Methanoculleus formosensis
NZ_VCYH01000004_Methanoculleus_frigidifontis_FWC-SCC1_FWC-SCC1-contig04_marine_seep_mcrA-1_FullLength	d__Archaea; p__Halobacteriota; c__Methanomicrobia; o__Methanomicrobiales; f__Methanoculleaceae; g__Methanoculleus; s__Methanoculleus frigidifontis
BCNW01000001_Methanofollis_ethanolicus_contig_MEFOE_1_mcrA-2_FullLength	d__Archaea; p__Halobacteriota; c__Methanomicrobia; o__Methanomicrobiales; f__Methanofollaceae; g__Methanofollis; s__Methanofollis ethanolicus
JABXWR010000001_Methanofollis_tationis_DSM2702T_mcrA-2_FullLength	d__Archaea; p__Halobacteriota; c__Methanomicrobia; o__Methanomicrobiales; f__Methanofollaceae; g__Methanofollis; s__Methanofollis tationis
AGCO01000001_Methanofollis_liminatans_DSM_4140_Metliscaffold_1_Cont1_mesophilic_wastewater_treatment_plant_mcrA-2_FullLength	d__Archaea; p__Halobacteriota; c__Methanomicrobia; o__Methanomicrobiales; f__Methanofollaceae; g__Methanofollis; s__Methanofollis liminatans
CP002117_Methanolacinia_petrolearia_DSM11571T_offshore_oil_field_2008067-2008476_FullLength	d__Archaea; p__Halobacteriota; c__Methanomicrobia; o__Methanomicrobiales; f__Methanomicrobiaceae; g__Methanolacinia; s__Methanolacinia petrolearia
AXDV01000080_Methanolacinia_paynteri_DSM_2545_PGA_80_mcrA-2_FullLength	d__Archaea; p__Halobacteriota; c__Methanomicrobia; o__Methanomicrobiales; f__Methanomicrobiaceae; g__Methanolacinia; s__Methanolacinia paynteri
BCNW01000001_Methanofollis_ethanolicus_contig_MEFOE_1_mcrA-1_FullLength	d__Archaea; p__Halobacteriota; c__Methanomicrobia; o__Methanomicrobiales; f__Methanofollaceae; g__Methanofollis; s__Methanofollis ethanolicus
JABXWR010000001_Methanofollis_tationis_DSM2702T_mcrA-1_FullLength	d__Archaea; p__Halobacteriota; c__Methanomicrobia; o__Methanomicrobiales; f__Methanofollaceae; g__Methanofollis; s__Methanofollis tationis
AGCO01000007_Methanofollis_liminatans_DSM_4140_Metliscaffold_1_Cont7_mesophilic_wastewater_treatment_plant_mcrA-1_FullLength	d__Archaea; p__Halobacteriota; c__Methanomicrobia; o__Methanomicrobiales; f__Methanofollaceae; g__Methanofollis; s__Methanofollis liminatans
CP036172_Methanofollis_aquaemaris_N2F9704_aquaculture_mcrA-1_FullLength	d__Archaea; p__Halobacteriota; c__Methanomicrobia; o__Methanomicrobiales; f__Methanofollaceae; g__Methanofollis; s__Methanofollis aquaemaris
CP037968_Methanofollis_formosanus_ML15_fish_pond_mcrA-1_FullLength	d__Archaea; p__Halobacteriota; c__Methanomicrobia; o__Methanomicrobiales; f__Methanofollaceae; g__Methanofollis; s__Methanofollis formosanus
JAGGKR010000001_Methanolinea_mesophila_DSM_23604_Ga0451175_01_FullLength	d__Archaea; p__Halobacteriota; c__Methanomicrobia; o__Methanomicrobiales; f__Methanoregulaceae; g__Methanolinea; s__Methanolinea mesophila
NZ_JWHL01000011_Methanocalculus_chunghsingensis_K1F9705b_K1F9705b_contig28_60102_60511_fishpond_sediment_FullLength	d__Archaea; p__Halobacteriota; c__Methanomicrobia; o__Methanomicrobiales; f__Methanocorpusculaceae; g__Methanocalculus; s__Methanocalculus chunghsingensis
QZAD01000084_Methanocalculus_sp._MSAO_Arc1_k121-5497_soda_lake_FullLength	d__Archaea; p__Halobacteriota; c__Methanomicrobia; o__Methanomicrobiales; f__Methanocorpusculaceae; g__Methanocalculus; s__Methanocalculus natronophilus
PUKA01000258_Methanocalculaceae_isolate_B1Sed10_97_B1-Sed10-C8738_soda_lake_FullLength	d__Archaea; p__Halobacteriota; c__Methanomicrobia; o__Methanomicrobiales; f__Methanocorpusculaceae; g__Methanocalculus; s__Methanocalculus natronophilus
PWKA01000086_Methanocalculaceae_CSSed10_173R1_CS-Sed10-C15586_soda_lake_FullLength	d__Archaea; p__Halobacteriota; c__Methanomicrobia; o__Methanomicrobiales; f__Methanocorpusculaceae; g__Methanocalculus; s__Methanocalculus natronophilus
AUMX01000016_Methanocorpusculum_bavaricum_DSM_4179_H575DRAFT_scaffold00012.12_C_mesophilic_wastewater_mcrA-2_FullLength	d__Archaea; p__Halobacteriota; c__Methanomicrobia; o__Methanomicrobiales; f__Methanocorpusculaceae; g__Methanocorpusculum; s__Methanocorpusculum bavaricum
LMVO01000029_Methanocorpusculum_parvum_strain_XII_contig_35_FullLength	d__Archaea; p__Halobacteriota; c__Methanomicrobia; o__Methanomicrobiales; f__Methanocorpusculaceae; g__Methanocorpusculum; s__Methanocorpusculum parvum
AUMX01000003_Methanocorpusculum_bavaricum_DSM_4179_H575DRAFT_scaffold00003.3_C_mesophilic_wastewater_mcrA-1_FullLength	d__Archaea; p__Halobacteriota; c__Methanomicrobia; o__Methanomicrobiales; f__Methanocorpusculaceae; g__Methanocorpusculum; s__Methanocorpusculum bavaricum
JAWHQH010000002_Methanocorpusculaceae_Sp1_McpSp1_2_317119-317528_FullLength	d__Archaea; p__Halobacteriota; c__Methanomicrobia; o__Methanomicrobiales; f__Methanocorpusculaceae; g__Methanorbis; s__Methanorbis furvi
JAWDKB010000005_Methanorbis_rubei_Cs1_McpCs1_5_106096_106505_FullLength	d__Archaea; p__Halobacteriota; c__Methanomicrobia; o__Methanomicrobiales; f__Methanocorpusculaceae; g__Methanorbis; s__Methanorbis rubei
CP000559_Methanocorpusculum_labreanum_Z_1594287-1594595_mcrA-1_FullLength	d__Archaea; p__Halobacteriota; c__Methanomicrobia; o__Methanomicrobiales; f__Methanocorpusculaceae; g__Methanocorpusculum; s__Methanocorpusculum labreanum
CP000559_Methanocorpusculum_labreanum_Z_1083999-1083692_mcrA-2_FullLength	d__Archaea; p__Halobacteriota; c__Methanomicrobia; o__Methanomicrobiales; f__Methanocorpusculaceae; g__Methanocorpusculum; s__Methanocorpusculum labreanum
QGMY01000019_Methanospirillum_lacunae_Ki8-1_DSM22751_19_type_strain_FullLength	d__Archaea; p__Halobacteriota; c__Methanomicrobia; o__Methanomicrobiales; f__Methanospirillaceae; g__Methanospirillum; s__Methanospirillum lacunae
JAXCMI010000001_Methanospirillum_purgamenti_210499-210908_DSM_3595_NODE_1_length_476331_cov_106.425943_FullLength	d__Archaea; p__Halobacteriota; c__Methanomicrobia; o__Methanomicrobiales; f__Methanospirillaceae; g__Methanospirillum; s__Methanospirillum purgamenti
CP077107_Methanospirillum_purgamenti_GP1_2416960-2417369_waste_digester_FullLength	d__Archaea; p__Halobacteriota; c__Methanomicrobia; o__Methanomicrobiales; f__Methanospirillaceae; g__Methanospirillum; s__Methanospirillum purgamenti
QKDV01000091_Methanospirillum_hungatei_SZUA-459_scaffold_13169_hydrothermal_vent_mcrA-1_FullLength	d__Archaea; p__Halobacteriota; c__Methanomicrobia; o__Methanomicrobiales; f__Methanospirillaceae; g__Methanospirillum; s__Methanospirillum hungatei
JAKIXE010000001_98902-99311_MAG_Methanospirillum_sp._UR.bin267_NODE_1_length_99767_cov_3.919761_digester_sludge_no_mcrA-2_found_FullLength	d__Archaea; p__Halobacteriota; c__Methanomicrobia; o__Methanomicrobiales; f__Methanospirillaceae; g__Methanospirillum; s__Methanospirillum hungatei
CP000254_M.spirillum_h.tei_JF-1_DSM864T_FullLength	d__Archaea; p__Halobacteriota; c__Methanomicrobia; o__Methanomicrobiales; f__Methanospirillaceae; g__Methanospirillum; s__Methanospirillum hungatei
LUYJ01000230_Methanomicrobiales_archaeon_Methan_06_cellulose_digester_FullLength	d__Archaea; p__Halobacteriota; c__Methanomicrobia; o__Methanomicrobiales; f__Methanospirillaceae; g__Methanospirillum; s__Methanospirillum hungatei
DAIN01000184_Methanomicrobiales_archaeon_UBA81_UBA81_contig_36562_digester_FullLength	d__Archaea; p__Halobacteriota; c__Methanomicrobia; o__Methanomicrobiales; f__Methanospirillaceae; g__Methanospirillum; s__Methanospirillum hungatei
QGMZ01000018_Methanospirillum_stamsii_Pt1_DSM26304_18_soil_FullLength	d__Archaea; p__Halobacteriota; c__Methanomicrobia; o__Methanomicrobiales; f__Methanospirillaceae; g__Methanospirillum; s__Methanospirillum stamsii
CP036172_Methanofollis_aquaemaris_N2F9704_aquaculture_mcrA-2_FullLength	d__Archaea; p__Halobacteriota; c__Methanomicrobia; o__Methanomicrobiales; f__Methanofollaceae; g__Methanofollis; s__Methanofollis aquaemaris
CP037968_Methanofollis_formosanus_ML15_fish_pond_mcrA-2_FullLength	d__Archaea; p__Halobacteriota; c__Methanomicrobia; o__Methanomicrobiales; f__Methanofollaceae; g__Methanofollis; s__Methanofollis formosanus
QKDV01000197_Methanospirillum_hungatei_SZUA-459_scaffold_184094_mcrA-2_hydrothermal_vent_FullLength	d__Archaea; p__Halobacteriota; c__Methanomicrobia; o__Methanomicrobiales; f__Methanospirillaceae; g__Methanospirillum; s__Methanospirillum hungatei
CAAGSW010000006_Methanococcoides_sp._AM1_genome_assembly_contig_NODE_6_length_150095_cov_8.756668_pilon_sediment_FullLength	d__Archaea; p__Halobacteriota; c__Methanosarcinia; o__Methanosarcinales; f__Methanosarcinaceae; g__Methanococcoides; s__Methanococcoides methylutens
CP003167_Methanoregula_formicica_SMSP_862942-863351_mesoph._UASB_reactor_mcrA-2_FullLength	d__Archaea; p__Halobacteriota; c__Methanomicrobia; o__Methanomicrobiales; f__Methanoregulaceae; g__Methanoregula; s__Methanoregula formicica
CP001338_Ca._M.sphaerula_palustris_E1-9c_FullLength	d__Archaea; p__Halobacteriota; c__Methanomicrobia; o__Methanomicrobiales; f__Methanoregulaceae; g__Methanosphaerula; s__Methanosphaerula palustris
CP170508_Methanosphaerula_subterraneus_EG_lacustrine_sediment_FullLength	d__Archaea; p__Halobacteriota; c__Methanomicrobia; o__Methanomicrobiales; f__Methanoregulaceae; g__Methanosphaerula; s__Methanosphaerula subterraneus
JOMF01000006_Methanomicrobium_mobile_DSM_1539_BP_T502DRAFT_scaffold00003.3_C_FullLength	d__Archaea; p__Halobacteriota; c__Methanomicrobia; o__Methanomicrobiales; f__Methanomicrobiaceae; g__Methanomicrobium; s__Methanomicrobium mobile
JAEEWZ010000002_Methanomicrobium_sp._isolate_RUG509_NODE_16_length_387142_cov_2.298895_rumen_FullLength	d__Archaea; p__Halobacteriota; c__Methanomicrobia; o__Methanomicrobiales; f__Methanomicrobiaceae; g__Methanomicrobium; s__Methanomicrobium mobile
CP002117_Methanolacinia_petrolearia_DSM11571T_offshore_oil_field_2415871-2416280_FullLength	d__Archaea; p__Halobacteriota; c__Methanomicrobia; o__Methanomicrobiales; f__Methanomicrobiaceae; g__Methanolacinia; s__Methanolacinia petrolearia
AXDV01000072_Methanolacinia_paynteri_DSM_2545_PGA_72_mcrA-1_FullLength	d__Archaea; p__Halobacteriota; c__Methanomicrobia; o__Methanomicrobiales; f__Methanomicrobiaceae; g__Methanolacinia; s__Methanolacinia paynteri
CP113361_Methanogenium_organophilum_DSM_3596_chromosome_mcrA-1_FullLength	d__Archaea; p__Halobacteriota; c__Methanomicrobia; o__Methanomicrobiales; f__Methanomicrobiaceae; g__Methanogenium; s__Methanogenium organophilum
JAKELO010000002_Methanogenium_marinum_DSM_15558_Mgmar-contig02_794944-795353_mcrA-1_FullLength	d__Archaea; p__Halobacteriota; c__Methanomicrobia; o__Methanomicrobiales; f__Methanomicrobiaceae; g__Methanogenium; s__Methanogenium marinum
JAKELO010000002_Methanogenium_marinum_DSM_15558_Mgmar-contig02_888599-889008_mcrA-2_FullLength	d__Archaea; p__Halobacteriota; c__Methanomicrobia; o__Methanomicrobiales; f__Methanomicrobiaceae; g__Methanogenium; s__Methanogenium marinum
JAAAWJ010000010_Methanogenium_sp._MK-MG_MKMG_10_marine_sediment_FullLength	d__Archaea; p__Halobacteriota; c__Methanomicrobia; o__Methanomicrobiales; f__Methanomicrobiaceae; g__Methanogenium; s__Methanogenium boonei
CP003167_Methanoregula_formicica_SMSP_2553063-2553470_mesoph._UASB_reactor_mcrA-1_FullLength	d__Archaea; p__Halobacteriota; c__Methanomicrobia; o__Methanomicrobiales; f__Methanoregulaceae; g__Methanoregula; s__Methanoregula formicica
CP000780_Ca._Methanoregula_boonei_6A8_M.microbiales_FullLength	d__Archaea; p__Halobacteriota; c__Methanomicrobia; o__Methanomicrobiales; f__Methanoregulaceae; g__Methanoregula; s__Methanoregula boonei
CP003243_Methanocella_conradii_HZ254_FullLength	d__Archaea; p__Halobacteriota; c__Methanocellia; o__Methanocellales; f__Methanocellaceae; g__Methanocella; s__Methanocella conradii
CADDYF010000008_Methanocella_conradii_isolate_1_genome_assembly_contig_NODE_90_length_86357_cov_693.311910_FullLength	d__Archaea; p__Halobacteriota; c__Methanocellia; o__Methanocellales; f__Methanocellaceae; g__Methanocella; s__Methanocella conradii
PGCK01000014_Methanooceanicella_nereidis_CWC-04_CYW-04_14_length_97488_marine_sediment_FullLength	d__Archaea; p__Halobacteriota; c__Methanocellia; o__Methanocellales; f__Methanocellaceae; g__Methanooceanicella; s__Methanooceanicella nereidis
BBEF01000013_Methanosarcina_barkeri_JCM_10043_DNA_contig_JCM10043.contig00013_type_strain_FullLength	d__Archaea; p__Halobacteriota; c__Methanosarcinia; o__Methanosarcinales; f__Methanosarcinaceae; g__Methanosarcina; s__Methanosarcina barkeri
CP008746_Methanosarcina_barkeri_CM1_FullLength	d__Archaea; p__Halobacteriota; c__Methanosarcinia; o__Methanosarcinales; f__Methanosarcinaceae; g__Methanosarcina; s__Methanosarcina barkeri
CP009528_Methanosarcina_barkeri_MS_FullLength	d__Archaea; p__Halobacteriota; c__Methanosarcinia; o__Methanosarcinales; f__Methanosarcinaceae; g__Methanosarcina; s__Methanosarcina barkeri
CP009530_Methanosarcina_barkeri_227_FullLength	d__Archaea; p__Halobacteriota; c__Methanosarcinia; o__Methanosarcinales; f__Methanosarcinaceae; g__Methanosarcina; s__Methanosarcina barkeri
LZPK01000384_Methanosarcina_sp._A14_contig_91_Australia_FullLength	d__Archaea; p__Halobacteriota; c__Methanosarcinia; o__Methanosarcinales; f__Methanosarcinaceae; g__Methanosarcina; s__Methanosarcina barkeri
CP032683_Methanosarcina_flavescens_E03.2_chromosome_1626185-1626591_FullLength	d__Archaea; p__Halobacteriota; c__Methanosarcinia; o__Methanosarcinales; f__Methanosarcinaceae; g__Methanosarcina; s__Methanosarcina flavescens
JAAYQL010000008_Methanosarcina_flavescens_isolate_AS22ysBPME_46_25716_AS22_digester_FullLength	d__Archaea; p__Halobacteriota; c__Methanosarcinia; o__Methanosarcinales; f__Methanosarcinaceae; g__Methanosarcina; s__Methanosarcina flavescens
CP009502_Methanosarcina_thermophila_CHTI-55_FullLength	d__Archaea; p__Halobacteriota; c__Methanosarcinia; o__Methanosarcinales; f__Methanosarcinaceae; g__Methanosarcina; s__Methanosarcina thermophila
CP011449_Methanosarcina_sp._795_genome_digester_FullLength	d__Archaea; p__Halobacteriota; c__Methanosarcinia; o__Methanosarcinales; f__Methanosarcinaceae; g__Methanosarcina; s__Methanosarcina thermophila
CP009501_Methanosarcina_thermophila_TM-1_FullLength	d__Archaea; p__Halobacteriota; c__Methanosarcinia; o__Methanosarcinales; f__Methanosarcinaceae; g__Methanosarcina; s__Methanosarcina thermophila
FPAO01000001_Methanosarcina_thermophila_DSM_11855_genome_assembly_contig_IE18DRAFT_scaffold00001.1_FullLength	d__Archaea; p__Halobacteriota; c__Methanosarcinia; o__Methanosarcinales; f__Methanosarcinaceae; g__Methanosarcina; s__Methanosarcina thermophila
JAAYAF010000040_Methanosarcina_thermophila_isolate_AS02xzSISU_89_20317_AS02_digester_FullLength	d__Archaea; p__Halobacteriota; c__Methanosarcinia; o__Methanosarcinales; f__Methanosarcinaceae; g__Methanosarcina; s__Methanosarcina thermophila
DAKG01000022_Methanosarcina_sp._UBA47_contig_2474_digester_FullLength	d__Archaea; p__Halobacteriota; c__Methanosarcinia; o__Methanosarcinales; f__Methanosarcinaceae; g__Methanosarcina; s__Methanosarcina thermophila
LMVP01000517_Methanosarcina_spelaei_MC-15_contig_60_FullLength	d__Archaea; p__Halobacteriota; c__Methanosarcinia; o__Methanosarcinales; f__Methanosarcinaceae; g__Methanosarcina; s__Methanosarcina spelaei
JJPM01000250_Methanosarcina_mazei_3.H.A.1A.1_scaffold57_1_size20456-refined_FullLength	d__Archaea; p__Halobacteriota; c__Methanosarcinia; o__Methanosarcinales; f__Methanosarcinaceae; g__Methanosarcina; s__Methanosarcina mazei
CP009506_Methanosarcina_siciliae_T4-M_FullLength	d__Archaea; p__Halobacteriota; c__Methanosarcinia; o__Methanosarcinales; f__Methanosarcinaceae; g__Methanosarcina; s__Methanosarcina siciliae
CP009508_Methanosarcina_siciliae_C2J_FullLength	d__Archaea; p__Halobacteriota; c__Methanosarcinia; o__Methanosarcinales; f__Methanosarcinaceae; g__Methanosarcina; s__Methanosarcina siciliae
DARN01000056_Methanosarcinaceae_archaeon_UBA282_contig_28767_wastewater_FullLength	d__Archaea; p__Halobacteriota; c__Methanosarcinia; o__Methanosarcinales; f__Methanosarcinaceae; g__Methanomethylovorans; s__Methanomethylovorans hollandica
CAAGTW010000007_Methanococcoides_sp._NM1_genome_assembly_contig_NODE_7_length_163036_cov_17.974243_pilon_sediment_FullLength	d__Archaea; p__Halobacteriota; c__Methanosarcinia; o__Methanosarcinales; f__Methanosarcinaceae; g__Methanococcoides; s__Methanococcoides vulcani
JACIVZ010000051_Methanomethylovorans_sp._isolate_MAG-12_Methanomethylovorans_C3_bin7_Scaffold_51_oil_production_facility_FullLength	d__Archaea; p__Halobacteriota; c__Methanosarcinia; o__Methanosarcinales; f__Methanosarcinaceae; g__Methanomethylovorans; s__Methanomethylovorans thermophila
FNCA01000001_Methanolobus_vulcani_strain_PL_12/M_genome_assembly_contig_Ga0073305_101_FullLength	d__Archaea; p__Halobacteriota; c__Methanosarcinia; o__Methanosarcinales; f__Methanosarcinaceae; g__Methanolobus; s__Methanolobus vulcani
JRHO01000005_Methanococcoides_methylutens_DSM2657_methylotrophic_FullLength	d__Archaea; p__Halobacteriota; c__Methanosarcinia; o__Methanosarcinales; f__Methanosarcinaceae; g__Methanococcoides; s__Methanococcoides methylutens
CAAGSM010000007_Methanococcoides_methylutens_isolate_DSM2657_genome_assembly_contig_NODE_7_length_165754_cov_16.773449_pilon_FullLength	d__Archaea; p__Halobacteriota; c__Methanosarcinia; o__Methanosarcinales; f__Methanosarcinaceae; g__Methanococcoides; s__Methanococcoides methylutens
JAGGLK010000001_Methanohalophilus_levihalophilus_DSM_28452_Ga0451180_01_FullLength	d__Archaea; p__Halobacteriota; c__Methanosarcinia; o__Methanosarcinales; f__Methanosarcinaceae; g__Methanohalophilus; s__Methanohalophilus levihalophilus
JTEO01000002_Methanolobus_chelungpuianus_St545Mb_contig_2_fault_FullLength	d__Archaea; p__Halobacteriota; c__Methanosarcinia; o__Methanosarcinales; f__Methanosarcinaceae; g__Methanolobus; s__Methanolobus chelungpuianus
CP000300_M.coccoides_burtonii_DSM6242_methylotrophic_FullLength	d__Archaea; p__Halobacteriota; c__Methanosarcinia; o__Methanosarcinales; f__Methanosarcinaceae; g__Methanococcoides; s__Methanococcoides burtonii
JAVDQI010000003_Methanococcoides_alaskense_DSM_17273_Ga0451171_03_FullLength	d__Archaea; p__Halobacteriota; c__Methanosarcinia; o__Methanosarcinales; f__Methanosarcinaceae; g__Methanococcoides; s__Methanococcoides alaskense
RJJG01000001_Methanohalophilus_halophilus_DSM_3094_Mh3094_scfld_1_FullLength	d__Archaea; p__Halobacteriota; c__Methanosarcinia; o__Methanosarcinales; f__Methanosarcinaceae; g__Methanohalophilus; s__Methanohalophilus halophilus
FNMU01000005_Methanohalophilus_halophilus_Z-7982_genome_assembly_contig_Ga0073302_105_FullLength	d__Archaea; p__Halobacteriota; c__Methanosarcinia; o__Methanosarcinales; f__Methanosarcinaceae; g__Methanohalophilus; s__Methanohalophilus halophilus
RJJF01000017_Methanohalophilus_euhalobius_DSM_10369_Me10369_scfld_5_deep_red_sea_FullLength	d__Archaea; p__Halobacteriota; c__Methanosarcinia; o__Methanosarcinales; f__Methanosarcinaceae; g__Methanohalophilus; s__Methanohalophilus euhalobius
QBKB01000002.1_526982-527388_Methanohalophilus_profundi_strain_SLHTYRO_Scaffold_2_deep_hypersaline_anoxic_basin_Tyro_FullLength	d__Archaea; p__Halobacteriota; c__Methanosarcinia; o__Methanosarcinales; f__Methanosarcinaceae; g__Methanohalophilus; s__Methanohalophilus profundi
RJJH01000001_Methanohalophilus_portucalensis_FDF-1_strain_DSM_7471_Mp7471_scfld_1_FullLength	d__Archaea; p__Halobacteriota; c__Methanosarcinia; o__Methanosarcinales; f__Methanosarcinaceae; g__Methanohalophilus; s__Methanohalophilus portucalensis
JWTK01000002_Methanohalophilus_portucalensis_FDF-1_ctg0002_sediment_FullLength	d__Archaea; p__Halobacteriota; c__Methanosarcinia; o__Methanosarcinales; f__Methanosarcinaceae; g__Methanohalophilus; s__Methanohalophilus portucalensis
FXBN01000001.1_412530-412936_Methanohalophilus_portucalensis_FDF-1_genome_assembly_contig_Ga0139040_11_FullLength	d__Archaea; p__Halobacteriota; c__Methanosarcinia; o__Methanosarcinales; f__Methanosarcinaceae; g__Methanohalophilus; s__Methanohalophilus portucalensis
CP002069_Methanohalobium_evestigatum_Z-7303_FullLength	d__Archaea; p__Halobacteriota; c__Methanosarcinia; o__Methanosarcinales; f__Methanosarcinaceae; g__Methanohalobium; s__Methanohalobium evestigatum
CP002101_Methanosalsum_zhilinae_DSM4017_FullLength	d__Archaea; p__Halobacteriota; c__Methanosarcinia; o__Methanosarcinales; f__Methanosarcinaceae; g__Methanosalsum; s__Methanosalsum zhilinae
QZAB01000471_Methanosalsum_natronophilum_isolate_MSAO_Arc3_k121-6951_soda_lake_FullLength	d__Archaea; p__Halobacteriota; c__Methanosarcinia; o__Methanosarcinales; f__Methanosarcinaceae; g__Methanosalsum; s__Methanosalsum natronophilum
PWGQ01000060_Methanosarcinaceae_archaeon_isolate_T1Sed10_164_T1-Sed10-C5270_soda_lake_FullLength	d__Archaea; p__Halobacteriota; c__Methanosarcinia; o__Methanosarcinales; f__Methanosarcinaceae; g__Methanosalsum; s__Methanosalsum natronophilum
PUNL01000084_Methanosarcinaceae_archaeon_isolate_B1Sed10_190R1_B1-Sed10-C15141_soda_lake_FullLength	d__Archaea; p__Halobacteriota; c__Methanosarcinia; o__Methanosarcinales; f__Methanosarcinaceae; g__Methanosalsum; s__Methanosalsum natronophilum
MBKP01000024_Methanolobus_psychrotolerans_strain_YSF-03_NODE_25_length_42068_cov_37.179806_saline_lake_sediment_FullLength	d__Archaea; p__Halobacteriota; c__Methanosarcinia; o__Methanosarcinales; f__Methanosarcinaceae; g__Methanolobus; s__Methanolobus psychrotolerans
LSRV01000012_Methanolobus_sp._T82-4_scaffold_50_gas_well_FullLength	d__Archaea; p__Halobacteriota; c__Methanosarcinia; o__Methanosarcinales; f__Methanosarcinaceae; g__Methanolobus; s__Methanolobus zinderi
DACO01000010_Methanolobus_sp._UBA118_contig_1045_crude_oil_FullLength	d__Archaea; p__Halobacteriota; c__Methanosarcinia; o__Methanosarcinales; f__Methanosarcinaceae; g__Methanolobus; s__Methanolobus zinderi
FOUJ01000003_Methanolobus_profundi_strain_Mob_M_genome_assembly_contig_Ga0073303_103_FullLength	d__Archaea; p__Halobacteriota; c__Methanosarcinia; o__Methanosarcinales; f__Methanosarcinaceae; g__Methanolobus; s__Methanolobus profundi
VIAQ01000015_Methanolobus_vulcani_B1d_Joined_contig_2_river_sediment_FullLength	d__Archaea; p__Halobacteriota; c__Methanosarcinia; o__Methanosarcinales; f__Methanosarcinaceae; g__Methanolobus; s__Methanolobus vulcani
JAWDKD010000013_Methanolapillus_africanus_Ag5_MsAg5_13_Archispirostreptus_gigas_gut_content_FullLength	d__Archaea; p__Halobacteriota; c__Methanosarcinia; o__Methanosarcinales; f__Methanosarcinaceae; g__Methanolapillus; s__Methanolapillus africanus
CP131060_Methanolapillus_millepedarum_Ac7_Atopochetus_caudulanus_gut_content_FullLength	d__Archaea; p__Halobacteriota; c__Methanosarcinia; o__Methanosarcinales; f__Methanosarcinaceae; g__Methanolapillus; s__Methanolapillus millepedarum
CP131061_Methanolapillus_ohkumae_Am2_Anadenobolus_monilicornis_gut_content_FullLength	d__Archaea; p__Halobacteriota; c__Methanosarcinia; o__Methanosarcinales; f__Methanosarcinaceae; g__Methanolapillus; s__Methanolapillus ohkumae
LGEW01000002_Euryarchaeota_archaeon_55_53_PW_scaffold_7_oil_reservoir_FullLength	d__Archaea; p__Halobacteriota; c__Methanosarcinia; o__Methanosarcinales; f__Methermicoccaceae; g__Methermicoccus; s__Methermicoccus shengliensis
CP003117_M.saeta_harundinacea_6Ac_FullLength	d__Archaea; p__Halobacteriota; c__Methanosarcinia; o__Methanotrichales; f__Methanotrichaceae; g__Methanothrix; s__Methanothrix harundinacea
DASM01000103_Methanosaeta_harundinacea_isolate_UBA152_contig_13913_wastewater_FullLength	d__Archaea; p__Halobacteriota; c__Methanosarcinia; o__Methanotrichales; f__Methanotrichaceae; g__Methanothrix; s__Methanothrix harundinacea
MVRM01000086_Methanosaeta_sp._PtaU1.Bin055_A4E51_contig000086_terephthalate_process_wastewater_digester_FullLength	d__Archaea; p__Halobacteriota; c__Methanosarcinia; o__Methanotrichales; f__Methanotrichaceae; g__Methanothrix; s__Methanothrix harundinacea
JAAYDX010000061_Methanothrix_sp._isolate_AS06rmzACSIP_595_364099_AS06_digester_FullLength	d__Archaea; p__Halobacteriota; c__Methanosarcinia; o__Methanotrichales; f__Methanotrichaceae; g__Methanothrix; s__Methanothrix harundinacea
DAXT01000008_Methanosaeta_harundinacea_isolate_UBA475_contig_37027_wastewater_FullLength	d__Archaea; p__Halobacteriota; c__Methanosarcinia; o__Methanotrichales; f__Methanotrichaceae; g__Methanothrix; s__Methanothrix harundinacea
DAQZ01000132_Methanosaeta_harundinacea_isolate_UBA205_contig_240_sediment_FullLength	d__Archaea; p__Halobacteriota; c__Methanosarcinia; o__Methanotrichales; f__Methanotrichaceae; g__Methanothrix; s__Methanothrix harundinacea
DAQG01000046_Methanosaeta_harundinacea_isolate_UBA1_contig_70_sediment_FullLength	d__Archaea; p__Halobacteriota; c__Methanosarcinia; o__Methanotrichales; f__Methanotrichaceae; g__Methanothrix; s__Methanothrix harundinacea
NZ_JBFXGY010000014_MAG_Methanothrix_sp._CA_2019_TPIn_174_NODE_5884_length_26334_cov_5.002328_TPIn_FullLength	d__Archaea; p__Halobacteriota; c__Methanosarcinia; o__Methanotrichales; f__Methanotrichaceae; g__Methanothrix; s__Methanothrix thermoacetophila
CP000477_Methanosaeta_thermophila_PT_FullLength	d__Archaea; p__Halobacteriota; c__Methanosarcinia; o__Methanotrichales; f__Methanotrichaceae; g__Methanothrix; s__Methanothrix thermoacetophila
JACIVY010000018_Methanothrix_sp._isolate_MAG-11_Methanosaeta_C3_bin6_Scaffold_18_oil_production_facility_FullLength	d__Archaea; p__Halobacteriota; c__Methanosarcinia; o__Methanotrichales; f__Methanotrichaceae; g__Methanothrix; s__Methanothrix thermoacetophila
JABLXT010000003_Methanothrix_sp._isolate_Ch96_contig3_deep_subsurface_aquifer_FullLength	d__Archaea; p__Halobacteriota; c__Methanosarcinia; o__Methanotrichales; f__Methanotrichaceae; g__Methanothrix; s__Methanothrix thermoacetophila
CAJYDL010000002_MAG_Methanothrix_soehngenii_UFZ-4H12_genome_assembly_contig_2_biogas_reactor_FullLength	d__Archaea; p__Halobacteriota; c__Methanosarcinia; o__Methanotrichales; f__Methanotrichaceae; g__Methanothrix; s__Methanothrix soehngenii
LUYH01000181_Methanosarcinales_archaeon_04_Methan_04_contig_67435_cellulose_digester_FullLength	d__Archaea; p__Halobacteriota; c__Methanosarcinia; o__Methanotrichales; f__Methanotrichaceae; g__Methanothrix; s__Methanothrix soehngenii
JAAYUN010000160_Methanothrix_soehngenii_isolate_AS27yjCOA_157_88379_AS27_waste_digester_FullLength	d__Archaea; p__Halobacteriota; c__Methanosarcinia; o__Methanotrichales; f__Methanotrichaceae; g__Methanothrix; s__Methanothrix soehngenii
DAOX01000010_Methanosaeta_sp._UBA70_FullLength	d__Archaea; p__Halobacteriota; c__Methanosarcinia; o__Methanotrichales; f__Methanotrichaceae; g__Methanothrix; s__Methanothrix soehngenii
JAHDPU010000047_1310-1698_MAG_Methanothrix_sp._SM1-B19.1_k141_35570_wastewater_sludge_digester_FullLength	d__Archaea; p__Halobacteriota; c__Methanosarcinia; o__Methanotrichales; f__Methanotrichaceae; g__Methanothrix; s__Methanothrix soehngenii
JAHDOK010000024_5557-5945_MAG_Methanothrix_sp._SL1-B50_k141_48471_wastewater_sludge_FullLength	d__Archaea; p__Halobacteriota; c__Methanosarcinia; o__Methanotrichales; f__Methanotrichaceae; g__Methanothrix; s__Methanothrix soehngenii
JARKUH010000100_84034-84399_MAG_Methanothrix_sp._Seed_metabat.86_k141_546452_wastewater_digester_FullLength	d__Archaea; p__Halobacteriota; c__Methanosarcinia; o__Methanotrichales; f__Methanotrichaceae; g__Methanothrix; s__Methanothrix soehngenii
JADJJX010000001_1593875-1594263_MAG_Methanothrix_sp._EsbE_18-Q3-R3-47_BAT3C.140_tig00000231-10-18640980_activated_sludge_FullLength	d__Archaea; p__Halobacteriota; c__Methanosarcinia; o__Methanotrichales; f__Methanotrichaceae; g__Methanothrix; s__Methanothrix soehngenii
JBAQRE010000157_MAG_Methanothrix_sp._MFD10553_ilm_asm_bin50_k127_198582_urban_wastewater_FullLength	d__Archaea; p__Halobacteriota; c__Methanosarcinia; o__Methanotrichales; f__Methanotrichaceae; g__Methanothrix; s__Methanothrix soehngenii
CP002565_Methanosaeta_concilii_GP-6_FullLength	d__Archaea; p__Halobacteriota; c__Methanosarcinia; o__Methanotrichales; f__Methanotrichaceae; g__Methanothrix; s__Methanothrix soehngenii
CP002565_Methanosaeta_concilii_GP6_FullLength	d__Archaea; p__Halobacteriota; c__Methanosarcinia; o__Methanotrichales; f__Methanotrichaceae; g__Methanothrix; s__Methanothrix soehngenii
DAQK01000047_Methanobacterium_sp._UBA279_contig_2314_wastewater_FullLength	d__Archaea; p__Methanobacteriota; c__Methanobacteria; o__Methanobacteriales; f__Methanobacteriaceae; g__Methanobacterium; s__Methanobacterium beijingense
MVQY01000163_Methanobacterium_sp._PtaU1.Bin097_A4E26_contig000163_terephthalic_acid_bioreactor_FullLength	d__Archaea; p__Methanobacteriota; c__Methanobacteria; o__Methanobacteriales; f__Methanobacteriaceae; g__Methanobacterium; s__Methanobacterium beijingense
JACBNZ010000002_Methanobacteriaceae_archaeon_isolate_Ch131a_Scaffold2_subsurface_aquifer_428048-428433_mcrA-1_FullLength	d__Archaea; p__Methanobacteriota; c__Methanobacteria; o__Methanobacteriales; f__Methanobacteriaceae; g__Methanobacterium; s__Methanobacterium beijingense
NZ_LMVM01000041_Methanobacterium_bryantii_strain_M.o.H._T_contig_9_mcrA_FullLength	d__Archaea; p__Methanobacteriota; c__Methanobacteria; o__Methanobacteriales; f__Methanobacteriaceae; g__Methanobacterium; s__Methanobacterium bryantii
LZPM01000013_1_27712-29364_Methanobacterium_sp._A39_contig_21_FullLength	d__Archaea; p__Methanobacteriota; c__Methanobacteria; o__Methanobacteriales; f__Methanobacteriaceae; g__Methanobacterium; s__Methanobacterium bryantii
DACN01000006_Methanobacteriaceae_archaeon_UBA117_contig_59_crude_oil_FullLength	d__Archaea; p__Methanobacteriota; c__Methanobacteria; o__Methanobacteriales; f__Methanobacteriaceae; g__Methanobacterium; s__Methanobacterium aarhusense
CP002772_Methanobacterium_paludis_SWAN-1_mcrA_northern_peatland_FullLength	d__Archaea; p__Methanobacteriota; c__Methanobacteria; o__Methanobacteriales; f__Methanobacteriaceae; g__Methanobacterium; s__Methanobacterium paludis
NPZC01000006_Methanobacterium_sp._isolate_BAmetb10_Contig6_electro-methanogenic_reactor_mcrA_FullLength	d__Archaea; p__Methanobacteriota; c__Methanobacteria; o__Methanobacteriales; f__Methanobacteriaceae; g__Methanobacterium; s__Methanobacterium alkalithermotolerans
CP058560_Methanobacterium_alkalithermotolerans_strain_CAN_1035767-1036152_mcrA-1_FullLength	d__Archaea; p__Methanobacteriota; c__Methanobacteria; o__Methanobacteriales; f__Methanobacteriaceae; g__Methanobacterium; s__Methanobacterium alkalithermotolerans
CBVX010000001_Methanobrevibacter_arboriphilus_ANOR1_WGS_project_CBVX000000000_data_contig_00001_FullLength	d__Archaea; p__Methanobacteriota; c__Methanobacteria; o__Methanobacteriales; f__Methanobacteriaceae; g__Methanobrevibacter; s__Methanobrevibacter arboriphilus
JXMW01000002_Methanobrevibacter_arboriphilus_JCM13429_MBBAR_2c_FullLength	d__Archaea; p__Methanobacteriota; c__Methanobacteria; o__Methanobacteriales; f__Methanobacteriaceae; g__Methanobrevibacter; s__Methanobrevibacter arboriphilus
LWMW01000054_Methanobrevibacter_cuticularis_DSM_11139_MBCUT_contig000054_Reticulitermes_flavipes_hindgut_FullLength	d__Archaea; p__Methanobacteriota; c__Methanobacteria; o__Methanobacteriales; f__Methanobacteriaceae; g__Methanobrevibacter; s__Methanobrevibacter cuticularis
LWMV01000094_Methanobrevibacter_curvatus_DSM_11111_MBCUR_contig000094_Reticulitermes_flavipes_hindgut_FullLength	d__Archaea; p__Methanobacteriota; c__Methanobacteria; o__Methanobacteriales; f__Methanobacteriaceae; g__Methanobrevibacter; s__Methanobrevibacter curvatus
LWMT01000244_Methanobrevibacter_filiformis_DSM_11501_MBFIL_contig000244_termite_hindgut_FullLength	d__Archaea; p__Methanobacteriota; c__Methanobacteria; o__Methanobacteriales; f__Methanobacteriaceae; g__Methanobrevibacter; s__Methanobrevibacter filiformis
JHWX01000006_Methanobrevibacter_wolinii_SH_T523DRAFT_scaffold00003.3_C2_FullLength	d__Archaea; p__Methanobacteriota; c__Methanobacteria; o__Methanobacteriales; f__Methanobacteriaceae; g__Methanobrevibacter; s__Methanobrevibacter wolinii
BAGX02000020_Methanobrevibacter_boviskoreani_JH1_contig_contig00020_FullLength	d__Archaea; p__Methanobacteriota; c__Methanobacteria; o__Methanobacteriales; f__Methanobacteriaceae; g__Methanobrevibacter; s__Methanobrevibacter boviskoreani
CP001719_M.brevibacter_ruminantium_M1_mcrA_FullLength	d__Archaea; p__Methanobacteriota; c__Methanobacteria; o__Methanobacteriales; f__Methanobacteriaceae; g__Methanobrevibacter; s__Methanobrevibacter ruminantium
SFKZ01000013_Methanobrevibacter_ruminantium_isolate_W2P1.044_Contig179_pig_feces_-_no_mrtA_FullLength	d__Archaea; p__Methanobacteriota; c__Methanobacteria; o__Methanobacteriales; f__Methanobacteriaceae; g__Methanobrevibacter; s__Methanobrevibacter ruminantium
FOTL01000001_Methanobrevibacter_olleyae_strain_DSM_16632_genome_assembly_contig_IE36DRAFT_scaffold00001.1_mcrA_FullLength	d__Archaea; p__Methanobacteriota; c__Methanobacteria; o__Methanobacteriales; f__Methanobacteriaceae; g__Methanobrevibacter; s__Methanobrevibacter olleyae
CP014265_Methanobrevibacter_olleyae_YLM1_mcrA_rumen_FullLength	d__Archaea; p__Methanobacteriota; c__Methanobacteria; o__Methanobacteriales; f__Methanobacteriaceae; g__Methanobrevibacter; s__Methanobrevibacter olleyae
AAQK01000257_human_healthy_stool_FullLength	d__Archaea; p__Methanobacteriota; c__Methanobacteria; o__Methanobacteriales; f__Methanobacteriaceae; g__Methanobrevibacter; s__Methanobrevibacter smithii
CP017803_Methanobrevibacter_smithii_KB11_human_feces_mcrA_-_no_mrtA_FullLength	d__Archaea; p__Methanobacteriota; c__Methanobacteria; o__Methanobacteriales; f__Methanobacteriaceae; g__Methanobrevibacter; s__Methanobrevibacter smithii
AELO01000035_Methanobrevibacter_smithii_TS146C_Contig72_human_gut_FullLength	d__Archaea; p__Methanobacteriota; c__Methanobacteria; o__Methanobacteriales; f__Methanobacteriaceae; g__Methanobrevibacter; s__Methanobrevibacter smithii
AAQL01000265_human_healthy_stool_FullLength	d__Archaea; p__Methanobacteriota; c__Methanobacteria; o__Methanobacteriales; f__Methanobacteriaceae; g__Methanobrevibacter; s__Methanobrevibacter smithii
CP000678_M.brevibacter_smithii_ATCC35061_mcrA_FullLength	d__Archaea; p__Methanobacteriota; c__Methanobacteria; o__Methanobacteriales; f__Methanobacteriaceae; g__Methanobrevibacter; s__Methanobrevibacter smithii
MAIE01000042_Methanobrevibacter_sp._A54_contig_27_mcrA_FullLength	d__Archaea; p__Methanobacteriota; c__Methanobacteria; o__Methanobacteriales; f__Methanobacteriaceae; g__Methanobrevibacter; s__Methanobrevibacter smithii
RKRG01000001_Methanobrevibacter_gottschalkii_DSM_11977_Ga0244664_11_FullLength	d__Archaea; p__Methanobacteriota; c__Methanobacteria; o__Methanobacteriales; f__Methanobacteriaceae; g__Methanobrevibacter; s__Methanobrevibacter gottschalkii
LZPL01000056_Methanobrevibacter_sp._A27_contig_8_FullLength	d__Archaea; p__Methanobacteriota; c__Methanobacteria; o__Methanobacteriales; f__Methanobacteriaceae; g__Methanobrevibacter; s__Methanobrevibacter gottschalkii
FOAK01000001_Methanobrevibacter_gottschalkii_strain_DSM_11978_genome_assembly_contig_Ga0104357_101_mcrA_FullLength	d__Archaea; p__Methanobacteriota; c__Methanobacteria; o__Methanobacteriales; f__Methanobacteriaceae; g__Methanobrevibacter; s__Methanobrevibacter gottschalkii
MZGS01000024_Methanobrevibacter_thaueri_DSM_11995_MBBTH_contig000024_bovine_feces_FullLength	d__Archaea; p__Methanobacteriota; c__Methanobacteria; o__Methanobacteriales; f__Methanobacteriaceae; g__Methanobrevibacter; s__Methanobrevibacter thaueri
FMXB01000013_Methanobrevibacter_millerae_DSM_16643_contig_IE19DRAFT_scaffold00013.13_mcrA_FullLength	d__Archaea; p__Methanobacteriota; c__Methanobacteria; o__Methanobacteriales; f__Methanobacteriaceae; g__Methanobrevibacter; s__Methanobrevibacter millerae
DAVX01000037_Methanobacterium_sp._UBA339_contig_4770_mud_-_no_mrtA_FullLength	d__Archaea; p__Methanobacteriota; c__Methanobacteria; o__Methanobacteriales; f__Methanobacteriaceae; g__Methanobacterium; s__Methanobacterium congolense
NZ_LT607756_Methanobacterium_congolense_isolate_Buetzberg_biogas_sludge_no_mrtA_FullLength	d__Archaea; p__Methanobacteriota; c__Methanobacteria; o__Methanobacteriales; f__Methanobacteriaceae; g__Methanobacterium; s__Methanobacterium congolense
JAIOUQ010000003_Methanobacterium_spitsbergense_strain_VT_NODE_1_length_700082_cov_249.859188_Spitsbergen_permafrost_mcrA-1_FullLength	d__Archaea; p__Methanobacteriota; c__Methanobacteria; o__Methanobacteriales; f__Methanobacteriaceae; g__Methanobacterium; s__Methanobacterium spitsbergense
CP002551_Methanobacterium_lacus_AL-21_mcrA_freshwater_FullLength	d__Archaea; p__Methanobacteriota; c__Methanobacteria; o__Methanobacteriales; f__Methanobacteriaceae; g__Methanobacterium; s__Methanobacterium lacus
CP022706_Methanobacterium_sp._BAmetb5_Brine-fed_electro-methanogenic_bioreactor_mcrA_FullLength	d__Archaea; p__Methanobacteriota; c__Methanobacteria; o__Methanobacteriales; f__Methanobacteriaceae; g__Methanobacterium; s__Methanobacterium formicicum
CP006933_Methanobacterium_formicicum_BRM9_mcrA_cow_rumen_FullLength	d__Archaea; p__Methanobacteriota; c__Methanobacteria; o__Methanobacteriales; f__Methanobacteriaceae; g__Methanobacterium; s__Methanobacterium formicicum
LN515531_Methanobacterium_formicicum_DSM1535_chromosome_I_mcrA_FullLength	d__Archaea; p__Methanobacteriota; c__Methanobacteria; o__Methanobacteriales; f__Methanobacteriaceae; g__Methanobacterium; s__Methanobacterium formicicum
BBES01000007_Methanobacterium_formicicum_JCM_10132_DNA_contig_JCM10132.contig00007_FullLength	d__Archaea; p__Methanobacteriota; c__Methanobacteria; o__Methanobacteriales; f__Methanobacteriaceae; g__Methanobacterium; s__Methanobacterium formicicum
LGGL01000025.1_11911-13563_Methanobacterium_sp._42_16_MPI_scaffold_450_FullLength	d__Archaea; p__Methanobacteriota; c__Methanobacteria; o__Methanobacteriales; f__Methanobacteriaceae; g__Methanobacterium; s__Methanobacterium formicicum
AMPO01000008_Methanobacterium_formicicum_DSM_3637_Contig08_FullLength	d__Archaea; p__Methanobacteriota; c__Methanobacteria; o__Methanobacteriales; f__Methanobacteriaceae; g__Methanobacterium; s__Methanobacterium formicicum
JAAYMZ010000093_Methanothermobacter_wolfeii_isolate_AS20ysBPTH_75_90967_AS20_waste_digester_mcrA_FullLength	d__Archaea; p__Methanobacteriota; c__Methanobacteria; o__Methanobacteriales; f__Methanothermobacteraceae; g__Methanothermobacter; s__Methanothermobacter wolfeii
LT608329_Methanothermobacter_wolfeii_SIV6_biogas_sludge_mcrA_FullLength	d__Archaea; p__Methanobacteriota; c__Methanobacteria; o__Methanobacteriales; f__Methanothermobacteraceae; g__Methanothermobacter; s__Methanothermobacter wolfeii
JAXUHJ010000003_Methanothermobacter_wolfeii_BSEL-1_Contig_3_6215.05_mcrA-1_FullLength	d__Archaea; p__Methanobacteriota; c__Methanobacteria; o__Methanobacteriales; f__Methanothermobacteraceae; g__Methanothermobacter; s__Methanothermobacter wolfeii
JAZIGD010000005_80588-80973_MAG_Methanothermobacter_wolfeii_bin5.1_modf_bin23.1_element_contig_3368_polypolish_anaerobic_digester_mcrA-1_FullLength	d__Archaea; p__Methanobacteriota; c__Methanobacteria; o__Methanobacteriales; f__Methanothermobacteraceae; g__Methanothermobacter; s__Methanothermobacter wolfeii
CP044013_Methanothermobacter_sp._THM-1_digester_mcrA_FullLength	d__Archaea; p__Methanobacteriota; c__Methanobacteria; o__Methanobacteriales; f__Methanothermobacteraceae; g__Methanothermobacter; s__Methanothermobacter wolfeii
CP001710_M.thermobacter_marburgensis_Marburg_mcrA_FullLength	d__Archaea; p__Methanobacteriota; c__Methanobacteria; o__Methanobacteriales; f__Methanothermobacteraceae; g__Methanothermobacter; s__Methanothermobacter marburgensis
CP042937_Methanothermobacter_sp._KEPCO-1_pressurized_biogas_reactor_mcrA_FullLength	d__Archaea; p__Methanobacteriota; c__Methanobacteria; o__Methanobacteriales; f__Methanothermobacteraceae; g__Methanothermobacter; s__Methanothermobacter marburgensis
CP043480_Methanothermobacter_sp._THM-2_digester_mcrA_FullLength	d__Archaea; p__Methanobacteriota; c__Methanobacteria; o__Methanobacteriales; f__Methanothermobacteraceae; g__Methanothermobacter; s__Methanothermobacter marburgensis
JAKLTD010000001_Methanothermobacter_sp._K4_NODE_1_length_722677_cov_400.490792_525653-526038_deep_subsurface_thermal_aquifer_mcrA-1_FullLength	d__Archaea; p__Methanobacteriota; c__Methanobacteria; o__Methanobacteriales; f__Methanothermobacteraceae; g__Methanothermobacter; s__Methanothermobacter marburgensis
CP113501_Methanothermobacter_sp._DP_1256795-1257180_thermophilic_digester_mcrA-1_FullLength	d__Archaea; p__Methanobacteriota; c__Methanobacteria; o__Methanobacteriales; f__Methanothermobacteraceae; g__Methanothermobacter; s__Methanothermobacter marburgensis
CP166185_Methanothermobacter_sp._KEPCO_2_mcrA-1_wasterwater_sludge_FullLength	d__Archaea; p__Methanobacteriota; c__Methanobacteria; o__Methanobacteriales; f__Methanothermobacteraceae; g__Methanothermobacter; s__Methanothermobacter marburgensis
JAXOFW010000001_Methanothermobacter_marburgensis_Clermont_AR_contig1_466112-466497_anaerobic_bioreactor_mcrA-1_FullLength	d__Archaea; p__Methanobacteriota; c__Methanobacteria; o__Methanobacteriales; f__Methanothermobacteraceae; g__Methanothermobacter; s__Methanothermobacter marburgensis
JACIVR010000031_Methanothermobacter_sp._isolate_MAG-4_Methanothermobacter_C3_bin2_Scaffold_31_oil_production_facility_mcrA_FullLength	d__Archaea; p__Methanobacteriota; c__Methanobacteria; o__Methanobacteriales; f__Methanothermobacteraceae; g__Methanothermobacter; s__Methanothermobacter thermautotrophicus
QKOF01000006_Methanothermobacter_thermautotrophicus_strain_WHS_NODE_1_length_560865_cov_91_9211_hot_spring_sediment_mcrA_FullLength	d__Archaea; p__Methanobacteriota; c__Methanobacteria; o__Methanobacteriales; f__Methanothermobacteraceae; g__Methanothermobacter; s__Methanothermobacter thermautotrophicus
NZ_CP064337_Methanothermobacter_thermautotrophicus_Z-245_chromosome_mcrA-1_FullLength	d__Archaea; p__Methanobacteriota; c__Methanobacteria; o__Methanobacteriales; f__Methanothermobacteraceae; g__Methanothermobacter; s__Methanothermobacter thermautotrophicus
JBASKU01000000_80182-80570_MAG_Methanothermobacter_tenebrarum_MFD13490_ilm_asm_bin20_k127_21126_water_FullLength	d__Archaea; p__Methanobacteriota; c__Methanobacteria; o__Methanobacteriales; f__Methanothermobacteraceae; g__Methanothermobacter; s__Methanothermobacter tenebrarum
CP002278_Methanothermus_fervidus_DSM2088_mcrA_FullLength	d__Archaea; p__Methanobacteriota; c__Methanobacteria; o__Methanobacteriales; f__Methanothermaceae; g__Methanothermus; s__Methanothermus fervidus
DUIG01000013_Methanobacteriales_archaeon_isolate_UBA12515_contig_196_oil_reservoir_FullLength	d__Archaea; p__Methanobacteriota; c__Methanobacteria; o__Methanobacteriales; f__Methanothermobacteraceae; g__Methanothermobacter; s__Methanothermobacter crinale
MLGEU01000033.1_c12620-11265_Methanobacteriaceae_archaeon_41_258_PW_scaffold_298_-_no_mrtA_FullLength	d__Archaea; p__Methanobacteriota; c__Methanobacteria; o__Methanobacteriales; f__Methanothermobacteraceae; g__Methanothermobacter; s__Methanothermobacter crinale
JACIVT010000137_Methanobacteriaceae_archaeon_isolate_MAG-6_Methanothermobacteraceae_E3_bin3_Scaffold_137_oil_field_FullLength	d__Archaea; p__Methanobacteriota; c__Methanobacteria; o__Methanobacteriales; f__Methanothermobacteraceae; g__Methanothermobacter; s__Methanothermobacter crinale
JACIVV010000043_Methanobacteriales_archaeon_isolate_MAG-8_Methanobacteriales_C3_bin5_Scaffold_43_oil_field_FullLength	d__Archaea; p__Methanobacteriota; c__Methanobacteria; o__Methanobacteriales; f__Methanothermobacteraceae; g__Methanothermobacter; s__Methanothermobacter crinale
LMVN01000008_Methanosphaera_cuniculi_1R-7_contig_15_FullLength	d__Archaea; p__Methanobacteriota; c__Methanobacteria; o__Methanobacteriales; f__Methanobacteriaceae; g__Methanosphaera; s__Methanosphaera cuniculi
CABUVJ010000031_Methanosphaera_sp._isolate_MGYG-HGUT-04410_contig_GUT_GENOME273277_31_human_gut_FullLength	d__Archaea; p__Methanobacteriota; c__Methanobacteria; o__Methanobacteriales; f__Methanobacteriaceae; g__Methanosphaera; s__Methanosphaera cuniculi
CP002551_Methanobacterium_lacus_AL-21_mrtA_freshwater_FullLength	d__Archaea; p__Methanobacteriota; c__Methanobacteria; o__Methanobacteriales; f__Methanobacteriaceae; g__Methanobacterium; s__Methanobacterium lacus
LT608329_Methanothermobacter_wolfeii_SIV6_biogas_sludge_mrtA_FullLength	d__Archaea; p__Methanobacteriota; c__Methanobacteria; o__Methanobacteriales; f__Methanothermobacteraceae; g__Methanothermobacter; s__Methanothermobacter wolfeii
CP044013_Methanothermobacter_sp._THM-1_digester_mrtA_FullLength	d__Archaea; p__Methanobacteriota; c__Methanobacteria; o__Methanobacteriales; f__Methanothermobacteraceae; g__Methanothermobacter; s__Methanothermobacter wolfeii
JAAYMZ010000037_Methanothermobacter_wolfeii_isolate_AS20ysBPTH_75_23703_AS20_digester_mrtA_FullLength	d__Archaea; p__Methanobacteriota; c__Methanobacteria; o__Methanobacteriales; f__Methanothermobacteraceae; g__Methanothermobacter; s__Methanothermobacter wolfeii
JAXUHJ010000003_Methanothermobacter_wolfeii_BSEL-1_Contig_3_6215.05_mcrA-2_FullLength	d__Archaea; p__Methanobacteriota; c__Methanobacteria; o__Methanobacteriales; f__Methanothermobacteraceae; g__Methanothermobacter; s__Methanothermobacter wolfeii
JAZIGD010000005_49746-50131_MAG_Methanothermobacter_wolfeii_bin5.1_modf_bin23.1_element_contig_3368_polypolish_anaerobic_digester_mcrA-2_FullLength	d__Archaea; p__Methanobacteriota; c__Methanobacteria; o__Methanobacteriales; f__Methanothermobacteraceae; g__Methanothermobacter; s__Methanothermobacter wolfeii
CP042937_Methanothermobacter_sp._KEPCO-1_pressurized_biogas_reactor_mrtA_FullLength	d__Archaea; p__Methanobacteriota; c__Methanobacteria; o__Methanobacteriales; f__Methanothermobacteraceae; g__Methanothermobacter; s__Methanothermobacter marburgensis
CP001710_M.thermobacter_marburgensis_Marburg_mrtA_FullLength	d__Archaea; p__Methanobacteriota; c__Methanobacteria; o__Methanobacteriales; f__Methanothermobacteraceae; g__Methanothermobacter; s__Methanothermobacter marburgensis
CP113501_1225908-1226293_Methanothermobacter_sp._DP_mcrA-2_thermophilic_digester_FullLength	d__Archaea; p__Methanobacteriota; c__Methanobacteria; o__Methanobacteriales; f__Methanothermobacteraceae; g__Methanothermobacter; s__Methanothermobacter marburgensis
CP043480_Methanothermobacter_sp._THM-2_digester_mrtA_FullLength	d__Archaea; p__Methanobacteriota; c__Methanobacteria; o__Methanobacteriales; f__Methanothermobacteraceae; g__Methanothermobacter; s__Methanothermobacter marburgensis
JAXOFW010000001_Methanothermobacter_marburgensis_Clermont_AR_contig1_435110-435495_anaerobic_bioreactor_mcrA-2_FullLength	d__Archaea; p__Methanobacteriota; c__Methanobacteria; o__Methanobacteriales; f__Methanothermobacteraceae; g__Methanothermobacter; s__Methanothermobacter marburgensis
CP166185_Methanothermobacter_sp._KEPCO_2_wastewater_sludge_mcrA-2_FullLength	d__Archaea; p__Methanobacteriota; c__Methanobacteria; o__Methanobacteriales; f__Methanothermobacteraceae; g__Methanothermobacter; s__Methanothermobacter marburgensis
AMPO01000001_possibly_misnamed_Methanobacterium_formicicum_DSM_3637_Contig01_mrtA_FullLength	d__Archaea; p__Methanobacteriota; c__Methanobacteria; o__Methanobacteriales; f__Methanobacteriaceae; g__Methanobacterium; s__Methanobacterium formicicum
CP022706_Methanobacterium_sp._BAmetb5_Brine-fed_electro-methanogenic_bioreactor_mrtA_FullLength	d__Archaea; p__Methanobacteriota; c__Methanobacteria; o__Methanobacteriales; f__Methanobacteriaceae; g__Methanobacterium; s__Methanobacterium formicicum
CP006933_Methanobacterium_formicicum_BRM9_mrtA_cow_rumen_FullLength	d__Archaea; p__Methanobacteriota; c__Methanobacteria; o__Methanobacteriales; f__Methanobacteriaceae; g__Methanobacterium; s__Methanobacterium formicicum
LGGL01000096.1_3922-5574_Methanobacterium_sp._42_16_MPI_scaffold_1711_FullLength	d__Archaea; p__Methanobacteriota; c__Methanobacteria; o__Methanobacteriales; f__Methanobacteriaceae; g__Methanobacterium; s__Methanobacterium formicicum
JADIIL010000018_Methanobacterium_formicicum_isolate_bin2_5393_biocathode_mrtA_FullLength	d__Archaea; p__Methanobacteriota; c__Methanobacteria; o__Methanobacteriales; f__Methanobacteriaceae; g__Methanobacterium; s__Methanobacterium formicicum
BBES01000001_Methanobacterium_formicicum_JCM_10132_JCM10132.contig00001_mrtA_FullLength	d__Archaea; p__Methanobacteriota; c__Methanobacteria; o__Methanobacteriales; f__Methanobacteriaceae; g__Methanobacterium; s__Methanobacterium formicicum
DARM01000013_Methanobacterium_sp._UBA479_contig_96532_FullLength	d__Archaea; p__Methanobacteriota; c__Methanobacteria; o__Methanobacteriales; f__Methanobacteriaceae; g__Methanobacterium; s__Methanobacterium subterraneum
DAYY01000027_Methanobacterium_sp._UBA455_contig_580_bioreactor_mrtA_FullLength	d__Archaea; p__Methanobacteriota; c__Methanobacteria; o__Methanobacteriales; f__Methanobacteriaceae; g__Methanobacterium; s__Methanobacterium subterraneum
PGYN01000151_Methanobacteriales_archaeon_HGW-Methanobacteriales-2_bjp_ig2069_scaffold_5362_groundwater_mrtA_FullLength	d__Archaea; p__Methanobacteriota; c__Methanobacteria; o__Methanobacteriales; f__Methanobacteriaceae; g__Methanobacterium; s__Methanobacterium subterraneum
JABBYL010000002_Methanobacterium_subterraneum_isolate_HO_2020_metStef_contig_28_deer_feces_mrtA_FullLength	d__Archaea; p__Methanobacteriota; c__Methanobacteria; o__Methanobacteriales; f__Methanobacteriaceae; g__Methanobacterium; s__Methanobacterium subterraneum
FMXB01000003_Methanobrevibacter_millerae_DSM_16643_contig_IE19DRAFT_scaffold00003.3_mrtA_FullLength	d__Archaea; p__Methanobacteriota; c__Methanobacteria; o__Methanobacteriales; f__Methanobacteriaceae; g__Methanobrevibacter; s__Methanobrevibacter millerae
CP000678_M.brev.r_smithii_ATCC35061_mrtA_FullLength	d__Archaea; p__Methanobacteriota; c__Methanobacteria; o__Methanobacteriales; f__Methanobacteriaceae; g__Methanobrevibacter; s__Methanobrevibacter smithii
MAIE01000045_Methanobrevibacter_sp._A54_contig_3_mrtA_FullLength	d__Archaea; p__Methanobacteriota; c__Methanobacteria; o__Methanobacteriales; f__Methanobacteriaceae; g__Methanobrevibacter; s__Methanobrevibacter smithii
FOAK01000008_Methanobrevibacter_gottschalkii_DSM_11978_genome_assembly_contig_Ga0104357_108_FullLength	d__Archaea; p__Methanobacteriota; c__Methanobacteria; o__Methanobacteriales; f__Methanobacteriaceae; g__Methanobrevibacter; s__Methanobrevibacter gottschalkii
LZPL01000035_Methanobrevibacter_sp._A27_contig_45_FullLength	d__Archaea; p__Methanobacteriota; c__Methanobacteria; o__Methanobacteriales; f__Methanobacteriaceae; g__Methanobrevibacter; s__Methanobrevibacter gottschalkii
CP000743_M.coccus_aeolicus_Nankai-3_mcrA_FullLength	d__Archaea; p__Methanobacteriota; c__Methanococci; o__Methanococcales; f__Methanococcaceae; g__Methanococcus; s__Methanococcus aeolicus
CP002792_Methanothermococcus_okinawensis_IH1_FullLength	d__Archaea; p__Methanobacteriota; c__Methanococci; o__Methanococcales; f__Methanococcaceae; g__Methanothermococcus; s__Methanothermococcus okinawensis
AQXV01000031_Methanothermococcus_thermolithotrophicus_DSM_2095_F555DRAFT_scaffold00025.25_C_geothermal_sediment_mcrA_FullLength	d__Archaea; p__Methanobacteriota; c__Methanococci; o__Methanococcales; f__Methanococcaceae; g__Methanothermococcus; s__Methanothermococcus thermolithotrophicus
AGJL01000010_Methanotorris_formicicus_Mc-S-70_ctg185_black_smoker_mcrA_FullLength	d__Archaea; p__Methanobacteriota; c__Methanococci; o__Methanococcales; f__Methanocaldococcaceae; g__Methanotorris; s__Methanotorris formicicus
JAIOUQ010000007_Methanobacterium_spitsbergense_strain_VT_NODE_2_length_383961_cov_223.124471_Spitsbergen_permafrost_mcrA-2_FullLength	d__Archaea; p__Methanobacteriota; c__Methanobacteria; o__Methanobacteriales; f__Methanobacteriaceae; g__Methanobacterium; s__Methanobacterium spitsbergense
CP002737_Methanotorris_igneus_Kol_5_mcrA_FullLength	d__Archaea; p__Methanobacteriota; c__Methanococci; o__Methanococcales; f__Methanocaldococcaceae; g__Methanotorris; s__Methanotorris igneus
CP001696_M.cald.coccus_fervens_AG86_mcrA_FullLength	d__Archaea; p__Methanobacteriota; c__Methanococci; o__Methanococcales; f__Methanocaldococcaceae; g__Methanocaldococcus; s__Methanocaldococcus fervens
CP001787_M.cald.coccus_vulcanius_M7_mcrA_FullLength	d__Archaea; p__Methanobacteriota; c__Methanococci; o__Methanococcales; f__Methanocaldococcaceae; g__Methanocaldococcus; s__Methanocaldococcus vulcanius
CP002009_M.caldococcus_infernus_ME_FullLength	d__Archaea; p__Methanobacteriota; c__Methanococci; o__Methanococcales; f__Methanocaldococcaceae; g__Methanocaldococcus; s__Methanocaldococcus infernus
CP000742_M.coccus_vannielii_SB_mcrA_FullLength	d__Archaea; p__Methanobacteriota; c__Methanococci; o__Methanococcales; f__Methanococcaceae; g__Methanococcus; s__Methanococcus vannielii
CP000867_M.coccus_maripaludis_C6_mcrA_FullLength	d__Archaea; p__Methanobacteriota; c__Methanococci; o__Methanococcales; f__Methanococcaceae; g__Methanococcus; s__Methanococcus maripaludis
CP000609_M.coccus_maripaludis_C5_mcrA_FullLength	d__Archaea; p__Methanobacteriota; c__Methanococci; o__Methanococcales; f__Methanococcaceae; g__Methanococcus; s__Methanococcus maripaludis
CP000745_M.coccus_maripaludis_C7_mcrA_FullLength	d__Archaea; p__Methanobacteriota; c__Methanococci; o__Methanococcales; f__Methanococcaceae; g__Methanococcus; s__Methanococcus maripaludis
CANQEZ010000003_Methanosphaera_cuniculi_Lapin-003-2_bin24_contig_Lapin-003-2_NODE_33_length_210376_cov_29.349664_rabbit_gut_FullLength	d__Archaea; p__Methanobacteriota; c__Methanobacteria; o__Methanobacteriales; f__Methanobacteriaceae; g__Methanosphaera; s__Methanosphaera cuniculi
CAUHCB010000008_Methanosphaera_cuniculi_SRR16279946_bin.7_MetaWRAP_v1.3_MAG_ERZ19289553.195_human_feces_FullLength	d__Archaea; p__Methanobacteriota; c__Methanobacteria; o__Methanobacteriales; f__Methanobacteriaceae; g__Methanosphaera; s__Methanosphaera cuniculi
CP000102_03_mrtA_M.sphaera_stadtmanae_DSM3091_FullLength	d__Archaea; p__Methanobacteriota; c__Methanobacteria; o__Methanobacteriales; f__Methanobacteriaceae; g__Methanosphaera; s__Methanosphaera stadtmanae
MAIF01000112.1_c27581-25923_Methanosphaera_sp._A6_contig_39_FullLength	d__Archaea; p__Methanobacteriota; c__Methanobacteria; o__Methanobacteriales; f__Methanobacteriaceae; g__Methanosphaera; s__Methanosphaera stadtmanae
MUZW01000019_Methanosphaera_sp._DEW79_DEW79_contig_4853_human_gut_FullLength	d__Archaea; p__Methanobacteriota; c__Methanobacteria; o__Methanobacteriales; f__Methanobacteriaceae; g__Methanosphaera; s__Methanosphaera stadtmanae
NGJK01000016_Methanosphaera_stadtmanae_strain_PA5_PA5_contig_16_human_stool_FullLength	d__Archaea; p__Methanobacteriota; c__Methanobacteria; o__Methanobacteriales; f__Methanobacteriaceae; g__Methanosphaera; s__Methanosphaera stadtmanae
JARBXM010000001_Methanosphaera_sp._Vir-13MRS_Methanosphaera_massiliense_seq_1_human_feces_FullLength	d__Archaea; p__Methanobacteriota; c__Methanobacteria; o__Methanobacteriales; f__Methanobacteriaceae; g__Methanosphaera; s__Methanosphaera massiliense
ONYO01000230_Methanosphaera_sp._RUG761_genome_assembly_contig_k87_67993686_mrtA_FullLength	d__Archaea; p__Methanobacteriota; c__Methanobacteria; o__Methanobacteriales; f__Methanobacteriaceae; g__Methanosphaera; s__Methanosphaera massiliense
MVJK01000028_Methanosphaera_sp._SHI1033_SHI1033_paired_contig_83853_ovine_gut_FullLength	d__Archaea; p__Methanobacteriota; c__Methanobacteria; o__Methanobacteriales; f__Methanobacteriaceae; g__Methanosphaera; s__Methanosphaera massiliense
NZ_LMVM01000001_Methanobacterium_bryantii_strain_M.o.H_T._contig_1_mrtA_FullLength	d__Archaea; p__Methanobacteriota; c__Methanobacteria; o__Methanobacteriales; f__Methanobacteriaceae; g__Methanobacterium; s__Methanobacterium bryantii
LZPM01000018.1_9706-11361_Methanobacterium_sp._A39_FullLength	d__Archaea; p__Methanobacteriota; c__Methanobacteria; o__Methanobacteriales; f__Methanobacteriaceae; g__Methanobacterium; s__Methanobacterium bryantii
FOTL01000003_Methanobrevibacter_olleyae_strain_DSM_16632_genome_assembly_contig_IE36DRAFT_scaffold00003.3_mrtA_FullLength	d__Archaea; p__Methanobacteriota; c__Methanobacteria; o__Methanobacteriales; f__Methanobacteriaceae; g__Methanobrevibacter; s__Methanobrevibacter olleyae
CP014265_Methanobrevibacter_olleyae_YLM1_mrtA_rumen_FullLength	d__Archaea; p__Methanobacteriota; c__Methanobacteria; o__Methanobacteriales; f__Methanobacteriaceae; g__Methanobrevibacter; s__Methanobrevibacter olleyae
NPZC01000014_Methanobacterium_sp._isolate_BAmetb10_Contig14_electro-methanogenic_reactor_mrtA_FullLength	d__Archaea; p__Methanobacteriota; c__Methanobacteria; o__Methanobacteriales; f__Methanobacteriaceae; g__Methanobacterium; s__Methanobacterium alkalithermotolerans
CP002278_Methanothermus_fervidus_DSM2088_mrtA_FullLength	d__Archaea; p__Methanobacteriota; c__Methanobacteria; o__Methanobacteriales; f__Methanothermaceae; g__Methanothermus; s__Methanothermus fervidus
AQXV01000055_Methanothermococcus_thermolithotrophicus_DSM_2095_F555DRAFT_scaffold00001.1_C_geothermal_sediment_mrtA_FullLength	d__Archaea; p__Methanobacteriota; c__Methanococci; o__Methanococcales; f__Methanococcaceae; g__Methanothermococcus; s__Methanothermococcus thermolithotrophicus
AGJL01000024_Methanotorris_formicicus_Mc-S-70_ctg163_black_smoker_mrtA_FullLength	d__Archaea; p__Methanobacteriota; c__Methanococci; o__Methanococcales; f__Methanocaldococcaceae; g__Methanotorris; s__Methanotorris formicicus
CP002737_Methanotorris_igneus_Kol_5_mrtA_FullLength	d__Archaea; p__Methanobacteriota; c__Methanococci; o__Methanococcales; f__Methanocaldococcaceae; g__Methanotorris; s__Methanotorris igneus
CP001787_M.cald.coccus_vulcanius_M7_mrtA_FullLength	d__Archaea; p__Methanobacteriota; c__Methanococci; o__Methanococcales; f__Methanocaldococcaceae; g__Methanocaldococcus; s__Methanocaldococcus vulcanius
CP005934_Ca._Methanomassiliicoccus_sp._Mx1-Issoire_FullLength	d__Archaea; p__Thermoplasmatota; c__Thermoplasmata; o__Methanomassiliicoccales; f__Methanomassiliicoccaceae; g__Methanomassiliicoccaceae; s__Methanomassiliicoccaceae intestinalis
CAJE01000012_Methanomassiliicoccus_luminyensis_B10_CAJE00000000_contig_00012_FullLength	d__Archaea; p__Thermoplasmatota; c__Thermoplasmata; o__Methanomassiliicoccales; f__Methanomassiliicoccaceae; g__Methanomassiliicoccus; s__Methanomassiliicoccus luminyensis
